filename,wave21,wave22,wave23,wave24,wave25,wave26,wave27,wave28,wave29,wave30,wave31,wave32,wave33,wave34,wave35,wave36,wave37,wave38,wave39,wave40,wave41,wave42,wave43,wave44,wave45,wave46,wave47,wave48,wave49,wave50,wave51,wave52,wave53,wave54,wave55,wave56,wave57,wave58,wave59,wave60,wave61,wave62,wave63,wave64,wave65,wave66,wave67,wave68,wave69,wave70,wave71,wave72,wave73,wave74,wave75,wave76,wave77,wave78,wave79,wave80,wave81,wave82,wave83,wave84,wave85,wave86,wave87,wave88,wave89,wave90,wave91,wave92,wave93,wave94,wave95,wave96,wave97,wave98,wave99,wave100,wave101,wave102,wave103,wave104,wave105,wave106,wave107,wave108,wave109,wave110,wave111,wave112,wave113,wave114,wave115,wave116,wave117,wave118,wave119,wave120,wave121,wave122,wave123,wave124,wave125,wave126,wave127,wave128,wave129,wave130,wave131,wave132,wave133,wave134,wave135,wave136,wave137,wave138,wave139,wave140,wave141,wave142,wave143,wave144,wave145,wave146,wave147,wave148,wave149,wave150,wave151,wave152,wave153,wave154,wave155,wave156,wave157,wave158,wave159,wave160,wave161,wave162,wave163,wave164,wave165,wave166,wave167,wave168,wave169,wave170,wave171,wave172,wave173,wave174,wave175,wave176,wave177,wave178,wave179,wave180,wave181,wave182,wave183,wave184,wave185,wave186,wave187,wave188,wave189,wave190,wave191,wave192,wave193,wave194,wave195,wave196,wave197,wave198,wave199,wave200,wave201,wave202,wave203,wave204,wave205,wave206,wave207,wave208,wave209,wave210,wave211,wave212,wave213,wave214,wave215,wave216,wave217,wave218,wave219,wave220,wave221,wave222,wave223,wave224,wave225,wave226,wave227,wave228,wave229,wave230,wave231,wave232,wave233,wave234,wave235,wave236,wave237,wave238,wave239,wave240,wave241,wave242,wave243,wave244,wave245,wave246,wave247,wave248,wave249,wave250,wave251,wave252,wave253,wave254,wave255,wave256,wave257,wave258,wave259,wave260,wave261,wave262,wave263,wave264,wave265,wave266,wave267,wave268,wave269,wave270,wave271,wave272,wave273
Ca100%,0.357913612,0.356105391,0.353205585,0.353925806,0.351549571,0.35040928,0.349092265,0.348664505,0.349056536,0.347924628,0.34451519,0.342593442,0.344438598,0.342268039,0.341726046,0.339942579,0.339972743,0.340023004,0.340923852,0.338774193,0.341434448,0.33996756,0.33832476,0.340417469,0.337215899,0.339453915,0.330527959,0.336578343,0.334911707,0.336313879,0.334816183,0.33789343,0.337704227,0.33770198,0.336338943,0.337084859,0.33811897,0.336890175,0.335920058,0.335962393,0.336922862,0.336760505,0.336099176,0.337235656,0.337313316,0.334915178,0.3346975,0.335049252,0.335412252,0.335942357,0.335388075,0.334777988,0.335269698,0.333662153,0.333390464,0.331453692,0.331464876,0.330059947,0.330062544,0.332033476,0.327710485,0.326469187,0.321766837,0.322199437,0.322321253,0.319477955,0.317649407,0.316058916,0.312586636,0.309443418,0.30726077,0.307156575,0.306588689,0.301127632,0.299051188,0.297983626,0.296995671,0.295419312,0.294744533,0.292088226,0.289596125,0.285489039,0.283095524,0.281803194,0.281230662,0.279851073,0.278180919,0.27612945,0.273207977,0.273256202,0.273424061,0.274876663,0.275802597,0.277142738,0.281347187,0.286781744,0.290186802,0.290295638,0.295049632,0.29511076,0.297898611,0.298287069,0.300775193,0.304005843,0.30488895,0.304186372,0.304363618,0.304449667,0.305012562,0.307026881,0.313797158,0.306289255,0.306273678,0.306388923,0.307350576,0.307350652,0.308256699,0.30776773,0.310407523,0.31003074,0.308391697,0.308783843,0.308105217,0.309274081,0.310081929,0.309031525,0.310779313,0.302957226,0.310110729,0.312915344,0.310371042,0.309114035,0.308964443,0.310105068,0.30820062,0.30826514,0.302937122,0.307019845,0.306030757,0.302727688,0.299368627,0.302845126,0.297744506,0.291354594,0.291414498,0.284515072,0.282819617,0.282568262,0.282825471,0.284419299,0.282090787,0.2794403,0.27409251,0.268622356,0.271146695,0.271265829,0.27159195,0.267277156,0.266670045,0.268789462,0.268283484,0.264729493,0.261154265,0.260128521,0.258635779,0.255811897,0.255839023,0.25392095,0.250985704,0.247699262,0.244642514,0.241170555,0.237579857,0.237916949,0.237653564,0.234967392,0.232124006,0.230824471,0.230283974,0.230664479,0.231183267,0.23123687,0.229300671,0.228472057,0.229092596,0.230479953,0.230229528,0.226790868,0.228685283,0.229732571,0.231490934,0.231286887,0.230332903,0.228550881,0.229207722,0.229621801,0.231147965,0.231164115,0.231681202,0.234560826,0.232524949,0.231905673,0.234153146,0.233947946,0.234460668,0.236470759,0.236358766,0.236307598,0.238340818,0.238273119,0.238474051,0.24021303,0.240065481,0.242573704,0.241967329,0.242596831,0.244086424,0.243735769,0.242823851,0.24418221,0.244861654,0.244332356,0.245746511,0.245674418,0.244093987,0.245196885,0.246682323,0.249332867,0.250484466,0.251899239,0.252735751,0.252840539,0.254160298,0.256184505,0.255341706,0.256359947,0.255082554,0.258363754,0.259988465,0.259329614,0.259496177,0.260310209,0.260248735,0.262028073,0.263536829,0.265930581,0.265229887,0.26428032,0.263922673,0.263845545,0.262990853,0.264607693,0.265435327
C10%,0.397028547,0.395054976,0.39461084,0.394694904,0.391658621,0.388269319,0.386933201,0.387255767,0.386145188,0.386242964,0.383255744,0.382744206,0.382193062,0.381254893,0.379353413,0.377856415,0.373947838,0.376416603,0.375147196,0.375253337,0.375706785,0.374891885,0.372258409,0.372809087,0.373581769,0.372692961,0.371904831,0.371732481,0.369426527,0.37136186,0.371444231,0.371909213,0.373107389,0.373540954,0.372286889,0.372003139,0.372922099,0.372660023,0.371408106,0.369571562,0.371625568,0.372057412,0.371352706,0.371193434,0.37255991,0.370840406,0.369457088,0.370236267,0.370144183,0.370255487,0.369823702,0.36930364,0.36905096,0.36700465,0.367727717,0.367122293,0.366820237,0.366315394,0.365019717,0.363549692,0.363728699,0.361692857,0.35944671,0.358950495,0.358358215,0.355584963,0.353340997,0.35047142,0.346870578,0.343906408,0.34186006,0.341180173,0.340085407,0.334612307,0.331830906,0.330114988,0.32933796,0.326507059,0.325891816,0.323908099,0.321883712,0.318530464,0.315362127,0.31377668,0.313160211,0.312650455,0.310883578,0.308631131,0.306936852,0.3056148,0.306352496,0.306765328,0.309183136,0.309692043,0.314425667,0.319789902,0.323458515,0.325010432,0.327541853,0.329786641,0.330220767,0.330854477,0.333747878,0.337045277,0.338822286,0.338305632,0.337749293,0.337383434,0.339180456,0.339856785,0.343820004,0.338782921,0.338040033,0.338372067,0.339525433,0.340337814,0.340025287,0.340019598,0.342193222,0.342063045,0.341361112,0.340872436,0.340847797,0.342814894,0.342895522,0.342742645,0.344185795,0.344073061,0.345284324,0.341296702,0.345545267,0.344319911,0.343538363,0.344649944,0.342978144,0.341428577,0.341065767,0.340770719,0.338768495,0.337624012,0.333953586,0.331243975,0.327562297,0.321954019,0.31879229,0.311712249,0.310996211,0.311953151,0.31188004,0.315007373,0.311832262,0.310195428,0.30540046,0.298820769,0.301260803,0.300491422,0.300179994,0.296708436,0.295131233,0.298157281,0.294341138,0.29209837,0.287728486,0.286443322,0.284789379,0.281682222,0.281239415,0.279573022,0.275581748,0.272314084,0.269941285,0.266698812,0.264901153,0.264160227,0.263598469,0.26128405,0.258383437,0.258034766,0.257682633,0.25692416,0.256769401,0.256590649,0.255442981,0.253351701,0.253985317,0.254966252,0.25485413,0.253566312,0.253305339,0.253371105,0.254851702,0.254518265,0.25333492,0.252321734,0.252659653,0.252972071,0.253840235,0.253471549,0.255141893,0.258500275,0.25637624,0.256799187,0.257291886,0.258485727,0.259431672,0.260196226,0.261466312,0.261595602,0.263939978,0.264353634,0.265130957,0.265774907,0.266405336,0.267663772,0.268264676,0.269256417,0.270395034,0.270496245,0.271076962,0.271344447,0.271749695,0.271924732,0.272032559,0.272623177,0.273252388,0.271926796,0.273244241,0.274284266,0.27692108,0.277275306,0.27852062,0.279600131,0.27984299,0.28188726,0.280329494,0.277123652,0.282379996,0.284582811,0.285851575,0.287428331,0.286332891,0.287509294,0.288970133,0.289954546,0.291307171,0.291579234,0.29190159,0.290918339,0.29043957,0.29103057,0.291206108,0.293497397,0.295450955
C20%,0.396031397,0.394282173,0.392645467,0.391285362,0.388896723,0.388735647,0.384070653,0.385158367,0.382290033,0.382090499,0.379056202,0.378615496,0.377998155,0.377284373,0.375085504,0.375460708,0.373672377,0.375283029,0.376626229,0.377275638,0.376957641,0.377607139,0.375749732,0.37675258,0.375366174,0.37720609,0.376640511,0.37726838,0.37557884,0.377422417,0.375212879,0.375357136,0.37562431,0.376859727,0.374581816,0.375661581,0.376699892,0.375697725,0.375106683,0.373333168,0.375776621,0.375903007,0.376550508,0.377202598,0.378528452,0.37697731,0.376209367,0.37830855,0.376865897,0.377296012,0.376662673,0.376226586,0.374717143,0.374453367,0.372586513,0.371787138,0.372076412,0.370985459,0.366701671,0.371091693,0.366366229,0.362997009,0.360877898,0.359618743,0.358424426,0.355628527,0.353365604,0.34987165,0.347416874,0.343366032,0.3405133,0.340228865,0.339802092,0.333671616,0.330935469,0.329867603,0.328752064,0.325683113,0.325529127,0.322845095,0.320217721,0.31728237,0.313838878,0.311331351,0.310666208,0.309437445,0.308643046,0.30428061,0.301316232,0.301444981,0.301025023,0.302204076,0.304065435,0.305190131,0.30945019,0.315516561,0.317980287,0.3184341,0.320801554,0.324093536,0.324568987,0.324671384,0.327009424,0.330977431,0.331739403,0.331690539,0.332209961,0.332578106,0.333355483,0.335089542,0.342685763,0.334226274,0.333387021,0.332909268,0.33485875,0.335181443,0.33451803,0.334279114,0.338056397,0.335806353,0.334264408,0.3336185,0.334081449,0.334175983,0.335013152,0.334950662,0.335764281,0.334227741,0.335196269,0.338224505,0.334961191,0.334043265,0.3312834,0.334017337,0.330810993,0.330451795,0.330299319,0.329595329,0.328733399,0.326050712,0.323188925,0.320038546,0.314964421,0.312283113,0.307603266,0.304263752,0.303685638,0.303112151,0.304004047,0.307292437,0.301624734,0.298008971,0.292259148,0.294230723,0.294086577,0.292137516,0.290788744,0.287596924,0.289156999,0.286852231,0.286992934,0.280405732,0.277765053,0.27630059,0.272370142,0.270324618,0.268831328,0.266830761,0.261578833,0.259429638,0.256332096,0.252293059,0.249619581,0.249282117,0.2493571,0.246206995,0.244409431,0.243698682,0.242786463,0.242161361,0.24187494,0.24222951,0.240375485,0.239834317,0.239053523,0.240787316,0.240818613,0.2395659,0.237838665,0.239063986,0.240297309,0.239935679,0.238588864,0.239165721,0.239218712,0.239448744,0.241494408,0.239473259,0.241528517,0.244846921,0.242721152,0.242979541,0.243911852,0.245042862,0.245902022,0.247061533,0.246975814,0.246527041,0.248571626,0.24921572,0.25021984,0.251717756,0.250579274,0.253782016,0.252871759,0.254332308,0.255504911,0.256097327,0.254072089,0.25499014,0.254302851,0.255245029,0.255366793,0.255491547,0.25539034,0.253076007,0.255071623,0.258252187,0.258625569,0.258567338,0.258437085,0.247407019,0.258526389,0.261110488,0.261098194,0.262602889,0.26101515,0.263164009,0.264443331,0.265900767,0.265889987,0.267306469,0.268557971,0.268000984,0.270440267,0.270948539,0.273102441,0.271600932,0.271045468,0.271019384,0.270178668,0.271908544,0.273936918
C30%,0.393883475,0.390591548,0.390298873,0.389038316,0.387457742,0.385054238,0.38409256,0.384461905,0.383568236,0.383216785,0.380217195,0.378571614,0.379422858,0.378736891,0.378837563,0.37570655,0.375767272,0.37582509,0.3747825,0.375221363,0.376543486,0.374576573,0.372688404,0.373225855,0.37165203,0.373034003,0.372313435,0.370240338,0.368855678,0.369206506,0.368293692,0.369258313,0.367375209,0.369152714,0.367598619,0.369467884,0.369297669,0.367669927,0.366113766,0.366790863,0.367129705,0.367081096,0.367572715,0.36764396,0.369384658,0.366645946,0.364069755,0.365385121,0.366404641,0.365543599,0.365458532,0.365678378,0.363747049,0.363242466,0.362162989,0.362049192,0.361691217,0.360099447,0.361919879,0.362790469,0.359180562,0.356472895,0.352712086,0.353935446,0.353125258,0.351343148,0.348528212,0.346770493,0.343148984,0.340212705,0.338997452,0.337320848,0.336745519,0.33128214,0.328234071,0.327483634,0.32673048,0.3246275,0.323226791,0.319756716,0.319076025,0.316522643,0.313451863,0.310603793,0.310627783,0.308745741,0.307812768,0.305212409,0.302905439,0.302861793,0.302961532,0.304711589,0.305859253,0.30610243,0.312057378,0.31684331,0.321469343,0.322271508,0.324048141,0.32719851,0.329328206,0.328706703,0.332180124,0.33590618,0.336746286,0.337328171,0.336822756,0.337072004,0.338586057,0.33897895,0.347132811,0.336932485,0.338479286,0.337521105,0.339509647,0.335723501,0.339609917,0.339938382,0.342628469,0.341057811,0.340683468,0.340436499,0.340226062,0.34079329,0.341341542,0.340991446,0.341822163,0.341322801,0.342540726,0.344229737,0.343241012,0.341825594,0.34066832,0.342496207,0.339907553,0.339670185,0.33964388,0.339252222,0.339605109,0.337126508,0.335287777,0.333713844,0.329683206,0.320800039,0.321322563,0.314981599,0.310842153,0.311851643,0.311507859,0.313025089,0.30946128,0.307523513,0.306375823,0.297789783,0.298224226,0.297742584,0.297641885,0.295533423,0.294339694,0.296505984,0.292465956,0.291697076,0.286487183,0.283856224,0.282350706,0.275466523,0.279107114,0.276277995,0.27342078,0.269253878,0.267090838,0.262763123,0.259612482,0.257509971,0.258325872,0.255628875,0.251937901,0.25106646,0.250094714,0.250162371,0.249519083,0.250311417,0.24946409,0.248891567,0.249829947,0.251180284,0.250890409,0.248655333,0.248945364,0.249425545,0.250991261,0.251850385,0.249860421,0.249204235,0.249624028,0.24991184,0.251822035,0.251135601,0.251122243,0.254557226,0.252487928,0.251008151,0.252820389,0.254394465,0.253889703,0.255502815,0.254237292,0.256776739,0.25824862,0.259415174,0.259371797,0.261207579,0.261831447,0.263435962,0.263475297,0.26523048,0.266242284,0.266242891,0.265647499,0.265975298,0.266220409,0.266712999,0.267581846,0.26761685,0.267469423,0.267651411,0.266686321,0.27209976,0.272641484,0.273078861,0.274120763,0.274861602,0.276453704,0.276541985,0.277103502,0.279672726,0.278057716,0.280202138,0.281173784,0.282786691,0.283581901,0.285217692,0.285661609,0.286792861,0.288816735,0.288576937,0.290142643,0.288314539,0.289421672,0.288172629,0.288992828,0.290469692,0.292593018
C40%,0.362338201,0.360892362,0.359927949,0.360354626,0.357412469,0.356962536,0.355034085,0.356606024,0.354712933,0.354299007,0.352375722,0.3494419,0.350923842,0.349756084,0.349306625,0.349208384,0.346807097,0.347391085,0.346886597,0.346858876,0.34788796,0.346127316,0.344689013,0.346808525,0.343758271,0.345298251,0.343135684,0.343038933,0.342086616,0.342637556,0.342465368,0.345162842,0.343636959,0.342962866,0.340575049,0.342354188,0.343155095,0.341513477,0.340732545,0.339867254,0.340348717,0.341573343,0.336641279,0.341155342,0.342807606,0.340571107,0.338971352,0.338787703,0.341371158,0.338630177,0.339429863,0.339234523,0.338584564,0.337715819,0.335970871,0.337637678,0.336431737,0.33427895,0.333599825,0.336899428,0.332438969,0.330046832,0.326685689,0.327573284,0.326685821,0.324980026,0.322986842,0.322189357,0.316965822,0.315337336,0.313135046,0.313086603,0.311827657,0.3072521,0.303871092,0.301913949,0.301621843,0.299821262,0.299819396,0.295713399,0.295035258,0.292899185,0.289539912,0.285881199,0.287442809,0.285077074,0.286130156,0.283587313,0.281404977,0.281178293,0.280946825,0.28279746,0.283335201,0.284730354,0.288844488,0.293043676,0.296870236,0.297660251,0.300344223,0.303322419,0.303558146,0.304147174,0.306793265,0.310953364,0.31071653,0.312137525,0.311377163,0.311507949,0.310497329,0.313443865,0.32140814,0.312966478,0.313174928,0.311385502,0.313520332,0.313090207,0.314919825,0.314868695,0.317299185,0.316047322,0.314843207,0.314609105,0.313862716,0.316998689,0.316118626,0.316863097,0.317914494,0.317239312,0.317639488,0.320781022,0.318913755,0.317581059,0.316171233,0.319554529,0.315128284,0.314658461,0.31614918,0.314518783,0.313357151,0.311642052,0.309779857,0.307543199,0.302690622,0.298865645,0.295580331,0.292384756,0.287706907,0.289635139,0.290146257,0.29253285,0.280401848,0.288665875,0.286592881,0.276951781,0.277870755,0.276956912,0.277153952,0.274260549,0.272702621,0.27510556,0.270429916,0.269413937,0.264914093,0.262394226,0.261581399,0.256869782,0.258850108,0.255428825,0.252762918,0.249139424,0.247254222,0.244329367,0.243052521,0.243203654,0.240468148,0.23898566,0.236151431,0.235104929,0.232503746,0.232051494,0.232188105,0.231940384,0.228639851,0.227950644,0.228960113,0.228675126,0.230027861,0.229351642,0.229070866,0.230505727,0.23193952,0.231882288,0.230291648,0.228922271,0.231481108,0.231166613,0.233034624,0.232641461,0.233920008,0.236998185,0.235376388,0.236174894,0.237390362,0.236682984,0.236244412,0.237123754,0.237044373,0.236873373,0.237986241,0.237924979,0.23801512,0.239300371,0.239537915,0.242326312,0.240673007,0.243893212,0.245323153,0.245353124,0.244965208,0.246829548,0.24673514,0.247372109,0.248327756,0.248976928,0.248111643,0.247136038,0.248960186,0.251431871,0.251630391,0.251648653,0.253320793,0.253847156,0.254512232,0.255989168,0.25571979,0.258392453,0.255361886,0.259498224,0.2615592,0.261241616,0.260190713,0.26219932,0.262297533,0.26263331,0.262526522,0.265536155,0.265821387,0.264791296,0.26365024,0.263916537,0.264195422,0.264827853,0.266712743
C50%,0.392482223,0.389907902,0.38975828,0.387972827,0.384535228,0.383505541,0.380849072,0.38061383,0.379940635,0.378831015,0.376434899,0.37278268,0.372741874,0.373636717,0.372803544,0.370047285,0.368653646,0.369364348,0.371243996,0.371044121,0.371572044,0.372096826,0.369773906,0.372571223,0.369962215,0.373062071,0.371755125,0.370958664,0.370854707,0.372153173,0.371348077,0.372066122,0.370413407,0.372107742,0.371626581,0.369932197,0.370767059,0.371050968,0.369858946,0.369360513,0.370905795,0.370305452,0.372065784,0.373581415,0.372610573,0.37149607,0.370174004,0.372426174,0.371704718,0.372165454,0.371922877,0.372232031,0.372435147,0.369595084,0.368423692,0.366973099,0.36865356,0.366293694,0.366156596,0.367717384,0.362878721,0.358828607,0.356290264,0.355312836,0.354091846,0.35206024,0.35080412,0.347104519,0.342708365,0.340092369,0.337589679,0.336159477,0.336600417,0.331574392,0.328538652,0.326291135,0.325391335,0.323750922,0.322580195,0.32032025,0.318116291,0.315076277,0.31152471,0.30975028,0.31009548,0.308514354,0.306812719,0.304507712,0.301245263,0.301095726,0.300603315,0.302556272,0.302834746,0.304658852,0.308471472,0.312292718,0.317322071,0.316232604,0.320151953,0.321405083,0.323064782,0.322867838,0.324479633,0.328449886,0.329794089,0.329808586,0.329772424,0.330401069,0.330571839,0.3323468,0.34029472,0.331632078,0.330821799,0.329993644,0.33183578,0.333014958,0.333398651,0.332406098,0.33559302,0.334603508,0.331851253,0.33277427,0.332203964,0.332655073,0.332957562,0.332547602,0.334428966,0.33351155,0.333142079,0.336875302,0.333838597,0.331985801,0.330400393,0.331534726,0.329233137,0.327832924,0.328398479,0.327143788,0.326911418,0.323820328,0.320759621,0.316719261,0.312569487,0.309630445,0.304729883,0.300329698,0.300249614,0.300640699,0.301224785,0.304630381,0.299558816,0.295653286,0.29035409,0.290317359,0.291577964,0.291219428,0.287475053,0.284165403,0.286305372,0.283814137,0.28440143,0.278534324,0.275852283,0.274322755,0.270155487,0.268363628,0.26697191,0.264835396,0.260793258,0.257360075,0.254179108,0.250196956,0.248453404,0.248004848,0.248235034,0.245316728,0.242969475,0.242019261,0.2409785,0.240412544,0.239917574,0.239601251,0.237796526,0.236345652,0.237447279,0.2379943,0.237802316,0.235910954,0.234818291,0.237777179,0.237398347,0.238127908,0.236866745,0.236845014,0.237431382,0.236806147,0.239115698,0.239056783,0.239765362,0.243251745,0.241016819,0.241472091,0.242624302,0.24299395,0.243368306,0.245903374,0.245619153,0.246053165,0.248542634,0.248271353,0.249037412,0.250284249,0.250347989,0.252412037,0.251850457,0.253683636,0.253564506,0.253987933,0.25312707,0.253446292,0.253195145,0.254209857,0.253765484,0.254529983,0.254212123,0.252613078,0.25350285,0.25690024,0.257449685,0.257776137,0.256771999,0.249439929,0.258148697,0.260185067,0.258275177,0.26168651,0.260609358,0.262223418,0.263441581,0.263118231,0.263710804,0.265101866,0.266109289,0.265743741,0.268079222,0.269430654,0.271570123,0.268817541,0.2687854,0.26889918,0.269358192,0.270054437,0.272278289
C60%,0.366957744,0.364134252,0.363453768,0.361975547,0.3610402,0.358848173,0.357776565,0.358413744,0.357173012,0.355124156,0.353765441,0.353112261,0.352725129,0.352221993,0.351260075,0.351768412,0.349893478,0.349511452,0.348708742,0.347360091,0.34933972,0.349079246,0.348490749,0.348774541,0.347950405,0.349481117,0.346828768,0.347268349,0.345278072,0.346985892,0.34611201,0.347869958,0.346538135,0.34820638,0.344697571,0.345101789,0.345586067,0.34682037,0.343782614,0.345048815,0.344777575,0.345341824,0.341691202,0.344687746,0.347699248,0.34585871,0.344627785,0.345188634,0.344986924,0.34420026,0.345801571,0.34318181,0.343080705,0.341993073,0.340364857,0.342385217,0.339886083,0.327887516,0.338683174,0.34161766,0.337553219,0.336139322,0.331945763,0.332328442,0.331709747,0.329650072,0.326652323,0.324178657,0.320245186,0.318223612,0.315621618,0.316032337,0.315169024,0.310783932,0.307586366,0.306116981,0.304234223,0.304024442,0.302655286,0.299944287,0.297617968,0.294630468,0.291243973,0.289708525,0.28985378,0.288907106,0.287891063,0.284224643,0.282658211,0.282981939,0.282502466,0.284909963,0.286500335,0.287659654,0.29212442,0.295323363,0.300509282,0.300033926,0.301980647,0.305234453,0.3063768,0.307347009,0.309362293,0.313674686,0.314229147,0.314237126,0.288412952,0.314977559,0.315946748,0.317811912,0.324409238,0.316770619,0.316572543,0.315509566,0.317495055,0.317752797,0.317102765,0.317364197,0.321096739,0.319605294,0.318701189,0.318361995,0.317816922,0.31915751,0.308975952,0.319873134,0.320938105,0.319428979,0.320803104,0.322845185,0.322266793,0.32002572,0.313146803,0.320228397,0.317812346,0.317349699,0.318407191,0.317890683,0.310610107,0.314885182,0.311586757,0.309698955,0.304625333,0.300061815,0.297107796,0.291751767,0.288340055,0.290931012,0.290719712,0.293933388,0.288872319,0.287869858,0.283712467,0.276894949,0.27842713,0.279373204,0.278563469,0.2750415,0.27320493,0.275612645,0.271085292,0.270190183,0.265536087,0.263405205,0.261415426,0.25753137,0.257726207,0.254602012,0.252000848,0.237667608,0.246541192,0.24146794,0.240936118,0.239896087,0.238307762,0.23739893,0.234477288,0.233782268,0.231600867,0.231852857,0.231239197,0.23021848,0.228356819,0.227625624,0.228394842,0.229212372,0.228296148,0.227820307,0.226867613,0.229368889,0.230304294,0.229836165,0.228731353,0.227321433,0.228015225,0.229449638,0.231513204,0.231939479,0.232436209,0.235886486,0.234540439,0.235081375,0.236946121,0.236969176,0.236318179,0.235910843,0.236227738,0.236479936,0.236569262,0.237041754,0.236762622,0.238189636,0.238878275,0.241986734,0.240772642,0.241291159,0.242967963,0.242920643,0.243170672,0.244278366,0.244107879,0.245340436,0.245677409,0.247471476,0.246717472,0.245385519,0.2468784,0.250374885,0.249326912,0.249728174,0.251427635,0.252807506,0.253043758,0.255257241,0.253352779,0.255973386,0.254670903,0.25780399,0.259309348,0.259012522,0.258652505,0.26007851,0.261411491,0.261946692,0.261551072,0.263863162,0.264343686,0.264690329,0.262142063,0.261567063,0.26135035,0.260689917,0.264984494
C70%,0.381399875,0.381446891,0.380281004,0.378941682,0.377992986,0.375863464,0.374036596,0.376138047,0.372132956,0.374699227,0.371040886,0.369904799,0.370359646,0.370216888,0.367775219,0.365527093,0.365883645,0.363799247,0.365923393,0.36520333,0.365031988,0.364883408,0.363499366,0.364328195,0.361734047,0.364081978,0.361310359,0.362302552,0.359625093,0.361130542,0.360099351,0.361543796,0.359658486,0.360444037,0.359329057,0.359868609,0.359482806,0.359039904,0.355997843,0.357933825,0.358404178,0.359164791,0.358516832,0.357955936,0.359701684,0.357889767,0.354361044,0.356961857,0.359089499,0.357263466,0.35602702,0.356272411,0.356631419,0.354049324,0.351259675,0.354101217,0.353359699,0.350438636,0.352945802,0.353642905,0.349782659,0.346980726,0.343957253,0.342456393,0.342306243,0.340503287,0.337044068,0.335710404,0.330175891,0.328888123,0.327793614,0.325517507,0.324489126,0.319511564,0.317561272,0.316689194,0.314764067,0.313116809,0.311306817,0.309759899,0.30744196,0.304666707,0.301096126,0.299618459,0.297520402,0.29845186,0.295769239,0.294723142,0.289953378,0.290794734,0.29194702,0.293951357,0.2954193,0.295602624,0.300115187,0.306310709,0.308420986,0.312040585,0.313363713,0.318277041,0.318156069,0.318274633,0.321301176,0.324405403,0.325338609,0.324264853,0.325894599,0.326179982,0.325735533,0.328675774,0.332490747,0.327229124,0.326908904,0.326523141,0.328066791,0.328444441,0.328649402,0.329378846,0.331087489,0.331047716,0.329773301,0.330188588,0.330680817,0.330416647,0.32998138,0.331398454,0.332104448,0.330906411,0.332759322,0.334857643,0.333028438,0.330934542,0.329426716,0.331363246,0.328119815,0.323773011,0.328566518,0.32605621,0.326932122,0.325147987,0.322467704,0.320070536,0.315911866,0.311849349,0.307820202,0.302295211,0.299808665,0.300000227,0.300283238,0.302308902,0.297666827,0.295458575,0.292511543,0.285293372,0.284085865,0.285274505,0.286252606,0.283330022,0.280237935,0.282739301,0.279697797,0.278453552,0.274791322,0.264192595,0.271697413,0.266109408,0.266862031,0.263615142,0.260916172,0.256397613,0.254696877,0.251188746,0.247716495,0.247081713,0.24545726,0.241890966,0.24004597,0.237862026,0.236713756,0.236312635,0.235189528,0.234773194,0.232590022,0.233201321,0.23271533,0.235214157,0.233916999,0.233782791,0.233311731,0.235935992,0.235839034,0.236248085,0.235484344,0.235387635,0.234756538,0.235517379,0.238361081,0.237082015,0.238154412,0.241479683,0.23935377,0.238392961,0.240229283,0.239429342,0.239055872,0.240994673,0.24032194,0.239913777,0.241290823,0.241630934,0.242709871,0.244530549,0.244079452,0.247867435,0.248268862,0.249250487,0.25166113,0.250649132,0.251646612,0.251781807,0.252660684,0.252664806,0.253213805,0.253461383,0.251442573,0.252353436,0.252234489,0.25721254,0.255968162,0.256792614,0.258602804,0.259628076,0.25858718,0.262311281,0.262030544,0.263299076,0.26263523,0.263421704,0.267442568,0.266959461,0.267371724,0.268046084,0.269026068,0.269908255,0.271253478,0.272603083,0.274193642,0.270149487,0.271726456,0.271067673,0.270111104,0.272489726,0.272504743
C80%,0.3857019,0.382542682,0.3813184,0.381414515,0.379461803,0.378571499,0.376087006,0.377642796,0.375445632,0.376007128,0.373296335,0.370294627,0.37172894,0.370448638,0.370339947,0.368750641,0.367029393,0.368305768,0.367569358,0.36793836,0.368014351,0.367550662,0.365000295,0.366192621,0.36411695,0.365559011,0.364562293,0.362818799,0.362206721,0.362341736,0.362067957,0.364010477,0.362685585,0.362213297,0.36121398,0.361798836,0.362188351,0.36097361,0.360571891,0.359652513,0.360311335,0.360570881,0.359568436,0.361075858,0.361237461,0.358787849,0.357208943,0.357714967,0.35984782,0.357797319,0.358880282,0.357901332,0.357410969,0.356674775,0.355148134,0.355774241,0.354004723,0.352400285,0.352387348,0.355118486,0.350974581,0.348107967,0.345615287,0.345619374,0.344579083,0.342874002,0.340611878,0.338592988,0.335696099,0.331788578,0.330319305,0.328725696,0.328205778,0.323909285,0.321136376,0.318968783,0.317701294,0.316493772,0.315151992,0.310623053,0.311809375,0.308153091,0.305170803,0.30152173,0.302160463,0.300745834,0.301105019,0.298453586,0.296778409,0.296100543,0.296524811,0.298359521,0.298907131,0.300862553,0.304807096,0.309123307,0.313064511,0.314640468,0.317004716,0.319697008,0.321324562,0.320963473,0.323220886,0.327124173,0.328347028,0.327929996,0.327778964,0.327572003,0.327157161,0.330183713,0.338887081,0.329663057,0.33021801,0.329246159,0.330682666,0.331201147,0.331576535,0.331997639,0.335336621,0.332850026,0.332566499,0.332484482,0.331916165,0.333613332,0.332834756,0.333444117,0.33455102,0.333966302,0.334917558,0.338073548,0.335794037,0.333088214,0.333806931,0.335081813,0.331262162,0.33096761,0.332339157,0.33017197,0.329099078,0.32832339,0.325422095,0.323244898,0.318724791,0.315808478,0.312374084,0.308375145,0.30497213,0.305900429,0.305766475,0.307924452,0.304815532,0.302528621,0.298896687,0.291755336,0.293323001,0.29169468,0.289878061,0.288050323,0.28702028,0.288923719,0.285599836,0.281975045,0.278636877,0.276695592,0.274600757,0.270987156,0.270520261,0.267393744,0.265019725,0.260875493,0.259778638,0.255573474,0.25283301,0.253163143,0.250931143,0.248278147,0.245258463,0.243815729,0.241074189,0.241213056,0.239848675,0.240059138,0.237290456,0.236104048,0.236823458,0.237250875,0.238264033,0.238403061,0.237573303,0.239260341,0.240898172,0.240757039,0.238620091,0.237836634,0.240028382,0.239898932,0.242350005,0.242214022,0.242518248,0.246064656,0.244185833,0.244389136,0.245888537,0.245429482,0.245377308,0.245883952,0.245896866,0.245452856,0.246279283,0.246897181,0.246156089,0.248082323,0.249425785,0.251414227,0.252004262,0.253509652,0.254758488,0.256084479,0.253843323,0.256224082,0.256513024,0.257390688,0.258054564,0.258095467,0.257715144,0.257075381,0.258504521,0.260546516,0.261463989,0.261646647,0.263089422,0.263461902,0.264058263,0.266511631,0.266504809,0.269209869,0.265748471,0.26922145,0.271994325,0.271256157,0.271345542,0.27293143,0.273321881,0.273754378,0.273780187,0.276345143,0.277085459,0.275209837,0.274861349,0.274821992,0.275504381,0.275624092,0.277742072
C90%,0.418420846,0.414499438,0.413814236,0.412124273,0.410162664,0.406809037,0.405373107,0.405771003,0.405129066,0.404317483,0.400794274,0.399252059,0.399757557,0.398804586,0.398904058,0.395477438,0.395449483,0.395778851,0.394681926,0.394475755,0.396227461,0.394095767,0.39202976,0.392495214,0.390697825,0.392238809,0.390994444,0.389145531,0.387473572,0.387841578,0.386471341,0.388025255,0.386642684,0.387492176,0.385764168,0.38783877,0.387608174,0.386292113,0.384001283,0.384886486,0.38512002,0.38546724,0.385881137,0.385823513,0.387389371,0.384359515,0.381948484,0.383583648,0.384347115,0.383556791,0.383469167,0.383541365,0.381597541,0.380546565,0.379807187,0.379589921,0.379077105,0.377411701,0.379538756,0.38014303,0.376307256,0.373396304,0.369524347,0.370325447,0.369143693,0.367369669,0.364581504,0.362361046,0.358833978,0.355757663,0.354055297,0.352545528,0.351666094,0.346212281,0.34253362,0.34160667,0.340560794,0.338284103,0.336783008,0.333168378,0.332130087,0.329411887,0.326321719,0.323205413,0.323273502,0.321614453,0.320530036,0.318091279,0.31581321,0.315914323,0.316023448,0.318113004,0.319430082,0.319722249,0.325582495,0.330377024,0.334896341,0.335713445,0.337361212,0.34026786,0.342664899,0.342022309,0.345404182,0.349060602,0.350118832,0.350276606,0.349804577,0.34998551,0.351375004,0.352056565,0.360791066,0.35128523,0.351636047,0.349988392,0.352227419,0.348318739,0.352362169,0.352686555,0.35561978,0.35386945,0.353284498,0.352935179,0.352840792,0.353579941,0.353878507,0.354048385,0.354760203,0.353904519,0.355289063,0.35718549,0.35614347,0.354488103,0.353179859,0.355106157,0.352222019,0.352029291,0.351896064,0.351430118,0.351769086,0.349229646,0.347128037,0.34547774,0.341627919,0.333317994,0.33298535,0.32712319,0.322767074,0.323125738,0.322754463,0.324051721,0.320555173,0.318482311,0.31791869,0.310129811,0.309528523,0.308592289,0.308578358,0.306894715,0.305124892,0.307100706,0.302620656,0.301524803,0.295940197,0.292812029,0.290802339,0.283544289,0.286988049,0.283376273,0.280017163,0.275445615,0.273006105,0.268328923,0.264955244,0.2625975,0.262841964,0.259716404,0.25614156,0.25487626,0.254020885,0.254178107,0.253154694,0.253916227,0.253019173,0.252349974,0.252950958,0.254111619,0.254073976,0.251675432,0.25199646,0.252641856,0.254294931,0.254885925,0.252879164,0.252255337,0.252650774,0.252967881,0.254846089,0.25408036,0.254269558,0.257678412,0.255641644,0.25388907,0.255967569,0.257475261,0.25704417,0.258589673,0.257375297,0.259904398,0.261162635,0.262441939,0.262384164,0.264399546,0.265090382,0.26663861,0.266657163,0.268200975,0.269264905,0.269011953,0.268816841,0.26891679,0.269214504,0.269684477,0.270213318,0.270373023,0.270508905,0.2704927,0.269719688,0.274971603,0.275835857,0.276395327,0.277370558,0.27834077,0.279752046,0.280081432,0.28061617,0.283294461,0.281689814,0.284264394,0.285154507,0.286565774,0.287660309,0.289355451,0.289977292,0.291261869,0.293290148,0.293176828,0.294698576,0.292532532,0.2941211,0.293058123,0.293833339,0.295534875,0.297824673
C100%,0.408728063,0.404643915,0.404246279,0.402327049,0.400594538,0.397793317,0.396163155,0.396570777,0.396320547,0.395398101,0.392118482,0.390615428,0.39150463,0.38988158,0.39078068,0.385863096,0.386704463,0.387589182,0.386742329,0.386198519,0.387612531,0.385841369,0.384407729,0.384528444,0.382521916,0.384312257,0.382742719,0.381104364,0.379519705,0.380351523,0.37807942,0.380977746,0.380198038,0.379715554,0.378194624,0.379924189,0.380260022,0.379060051,0.37679583,0.377436184,0.377194624,0.378137298,0.378270112,0.378775676,0.379294798,0.376741135,0.374591755,0.376541806,0.376941985,0.376322988,0.376484359,0.376586615,0.374205201,0.373309771,0.372716589,0.372482085,0.371743226,0.369948051,0.37293924,0.373194137,0.369437148,0.36658922,0.363505809,0.363542063,0.362496807,0.361230122,0.358356669,0.356243725,0.352917381,0.350353136,0.348361557,0.34713135,0.346253454,0.340848117,0.33736638,0.336367946,0.33514847,0.333023507,0.332033675,0.328389313,0.327006425,0.324396646,0.321504431,0.318776643,0.318735816,0.317771531,0.316629307,0.314272292,0.312272092,0.312168895,0.312057604,0.314463603,0.315503259,0.316390602,0.321580444,0.32614588,0.330319597,0.331474721,0.333029447,0.335107293,0.33793403,0.337030547,0.340358239,0.343892439,0.344922695,0.34504639,0.344837223,0.344865257,0.346400871,0.346933316,0.35554836,0.346175462,0.346302293,0.344604473,0.346976336,0.343015725,0.347012604,0.34758269,0.350667367,0.348739758,0.347899567,0.347665798,0.347314005,0.3480908,0.348527824,0.348967191,0.349900594,0.348553575,0.350396324,0.352242471,0.351284305,0.349206615,0.34807565,0.349894134,0.346856326,0.346827595,0.346555483,0.346428621,0.347063278,0.344365984,0.342601664,0.340617248,0.337431781,0.33203052,0.329100935,0.324034792,0.319979721,0.319862534,0.319485234,0.321494172,0.317466635,0.314791216,0.315128915,0.30802795,0.307430153,0.30566475,0.305915323,0.304394904,0.303293185,0.304260143,0.300665968,0.299104115,0.29364754,0.290708061,0.288887152,0.281669614,0.284944743,0.281392857,0.277956713,0.273206735,0.2713285,0.266416813,0.263253698,0.261360788,0.261086765,0.257925627,0.25434434,0.253241013,0.252831355,0.252645026,0.252060704,0.252569154,0.25137808,0.251180447,0.251355852,0.252318597,0.252635657,0.250167607,0.250339783,0.251394664,0.252918124,0.25281321,0.251044795,0.250491713,0.250890997,0.251417191,0.253323331,0.252233319,0.253176097,0.256217719,0.254056655,0.252566815,0.254412095,0.255709762,0.255361421,0.257232935,0.256228485,0.258448765,0.259799196,0.260464503,0.261135473,0.262761013,0.263801604,0.265422918,0.264829654,0.266612713,0.267420839,0.266887322,0.267145621,0.267203663,0.266934032,0.267530363,0.268032502,0.267999625,0.267940317,0.268495521,0.267680679,0.272901822,0.27408702,0.274484997,0.275465409,0.276606861,0.277787625,0.277881241,0.27859703,0.280824213,0.279712658,0.282238155,0.283060812,0.284080218,0.285669052,0.287316225,0.287937364,0.288826745,0.290805984,0.290962482,0.291920056,0.290382362,0.291065349,0.290770399,0.291001026,0.292820581,0.29510597
G10%,0.390879007,0.388031663,0.387727176,0.385804407,0.382149703,0.380811672,0.378422408,0.377497667,0.37708466,0.376048737,0.373274181,0.369766291,0.369674522,0.370717581,0.370188496,0.367511754,0.366041167,0.367069985,0.368623475,0.368176105,0.369266247,0.3698699,0.36744902,0.370008692,0.367564549,0.37022091,0.368623955,0.367744539,0.367882125,0.368679702,0.367949567,0.368814281,0.366867645,0.368848429,0.368374039,0.366627618,0.367675829,0.368015308,0.366955584,0.366361491,0.368067125,0.367620611,0.369059682,0.370811227,0.370043814,0.369009552,0.367787777,0.369750444,0.36950932,0.369864224,0.369517625,0.369709773,0.369936365,0.366963774,0.365896634,0.364092046,0.365425556,0.363373723,0.362956193,0.364187849,0.359484151,0.355032785,0.352743317,0.351712027,0.350451565,0.347778151,0.346391235,0.343325923,0.338953846,0.336241441,0.33383347,0.332202836,0.332469683,0.327600762,0.324764602,0.322751693,0.321854345,0.320206541,0.319172617,0.316741189,0.314791826,0.311329411,0.307977671,0.306202075,0.306344714,0.304680294,0.302756397,0.300294204,0.296757882,0.29634738,0.29590665,0.297898488,0.29801442,0.299648018,0.303611519,0.307790963,0.31276977,0.312031559,0.31613029,0.31725484,0.318944453,0.318953382,0.320930858,0.325037262,0.326379531,0.326332055,0.326569048,0.327221496,0.327502329,0.329531579,0.337389786,0.328703249,0.32813369,0.327265131,0.329453857,0.330500988,0.33085164,0.329971314,0.333072926,0.332268523,0.329426624,0.330201037,0.329670353,0.330128545,0.33032353,0.329980422,0.331792924,0.330650638,0.330425898,0.33393096,0.33102931,0.329042016,0.327345087,0.328436891,0.326082411,0.324917937,0.32538728,0.323885594,0.323877658,0.320792313,0.317892681,0.314041998,0.309832007,0.307233695,0.3021355,0.297929284,0.298347289,0.298665163,0.29908328,0.302768352,0.29711189,0.293085144,0.288005487,0.288937518,0.289865784,0.289396559,0.285185601,0.281866426,0.284514985,0.281703165,0.282680224,0.276656325,0.274007183,0.272464042,0.268076638,0.266439861,0.264848944,0.263091223,0.259173786,0.255542904,0.252445756,0.248422039,0.246724805,0.246603538,0.246475077,0.243657971,0.241252735,0.240373261,0.239400491,0.23886389,0.238390353,0.237697709,0.23640422,0.234767628,0.235523708,0.236436803,0.236063536,0.234094037,0.233332205,0.236173088,0.235687314,0.236288726,0.235097911,0.234946576,0.235589073,0.234984606,0.237600328,0.237346948,0.23820262,0.241652308,0.23934575,0.239894568,0.241170418,0.241325135,0.241815095,0.244303172,0.244368784,0.244813175,0.247182837,0.246898252,0.24781102,0.248990399,0.249134575,0.251217658,0.250592854,0.252453115,0.252399746,0.252965318,0.25210416,0.252356848,0.252183342,0.253120724,0.252334184,0.253178904,0.253024379,0.251347495,0.252172305,0.255227945,0.255814711,0.256193335,0.25547325,0.25076457,0.256863502,0.258438876,0.256476414,0.259926989,0.258586869,0.259861932,0.261450328,0.261241548,0.26177049,0.262912164,0.263873594,0.263496042,0.26598866,0.267194045,0.269228525,0.266616622,0.266511011,0.26657619,0.267222934,0.267902718,0.269940711
G20%,0.392828869,0.38956205,0.387831282,0.385898573,0.384398871,0.38298842,0.381526745,0.381496404,0.379316707,0.37837111,0.374842912,0.373047283,0.373323992,0.372570544,0.37216758,0.369774316,0.369429099,0.369228552,0.369896095,0.369518668,0.369910244,0.369185372,0.367536255,0.369042183,0.368560125,0.371716043,0.369093408,0.368606633,0.368362518,0.369185228,0.369126356,0.371164325,0.370215207,0.369659698,0.369560503,0.369949312,0.370168952,0.369832715,0.36739653,0.367434558,0.368632848,0.367948618,0.368083316,0.369517135,0.37002038,0.368699288,0.367632477,0.369092992,0.369235077,0.368186565,0.369166215,0.369552242,0.369970525,0.367667115,0.366752701,0.366673606,0.366360484,0.364542191,0.365510873,0.365730546,0.360606888,0.358073766,0.355495006,0.355630913,0.353208003,0.350561531,0.349194011,0.346543972,0.341846931,0.338931144,0.33664485,0.335457293,0.334691313,0.329337094,0.326996233,0.325650828,0.325084014,0.32254966,0.322059646,0.320274188,0.318275134,0.314687335,0.311872463,0.310392219,0.309750215,0.308226766,0.307414528,0.305729626,0.301518571,0.300046703,0.301709,0.304188203,0.304734833,0.30507767,0.308785454,0.314180419,0.317599489,0.318147009,0.320701679,0.322531099,0.323347974,0.323629593,0.325980004,0.329368106,0.330516847,0.330444048,0.329621159,0.329920254,0.33077094,0.332427458,0.339421723,0.33126096,0.33065324,0.330203639,0.332440069,0.332350206,0.332548328,0.332732906,0.337141049,0.336316553,0.334030655,0.334505417,0.333927733,0.335904095,0.3356167,0.335876848,0.335023795,0.335719609,0.335231555,0.338487313,0.336109784,0.33353252,0.333318102,0.333842147,0.331515693,0.330511721,0.329976673,0.329326949,0.328778225,0.325740502,0.322984843,0.321749509,0.314745336,0.310243008,0.307415199,0.300418512,0.300920062,0.301333107,0.30136588,0.304799422,0.301666853,0.297056309,0.291934269,0.290101104,0.292249382,0.291854108,0.28885255,0.285646479,0.286482091,0.286342139,0.284735721,0.281177154,0.27624502,0.276873255,0.273000917,0.271078505,0.267462991,0.256368313,0.262404326,0.259094492,0.256757185,0.252975822,0.251672382,0.250629772,0.249046479,0.247582896,0.244457767,0.245143939,0.242782062,0.243510674,0.242462633,0.242839362,0.240190359,0.2391292,0.239469435,0.240084692,0.240276519,0.238695858,0.237166114,0.239552363,0.239824644,0.240026359,0.238406479,0.238067029,0.239029684,0.238976462,0.240810114,0.239881683,0.24062059,0.24460255,0.242115795,0.242959911,0.244712716,0.245431298,0.246628305,0.24713488,0.248948839,0.24953982,0.250548518,0.250286358,0.251090676,0.252555855,0.252494536,0.254380958,0.254882076,0.256413815,0.25669313,0.257724415,0.256273547,0.257302451,0.257281444,0.258032407,0.257182641,0.257513927,0.258001656,0.256988674,0.257042722,0.260532094,0.259988344,0.260484014,0.261921783,0.262592304,0.262458921,0.264416183,0.263247574,0.265981098,0.26476958,0.265514028,0.267939958,0.268643205,0.267862787,0.269061421,0.270034437,0.271111266,0.272250726,0.272914668,0.274074969,0.273261076,0.273067748,0.273477531,0.272806576,0.274581779,0.27709185
G30%,0.382139531,0.381239248,0.380093978,0.378333689,0.377367091,0.376072617,0.37481303,0.374949162,0.372660142,0.37432958,0.370081168,0.369431163,0.369913941,0.369082679,0.368259293,0.366517184,0.366687677,0.364410361,0.365785008,0.364114581,0.365974296,0.363968637,0.363068288,0.363439883,0.362309703,0.363408034,0.361202057,0.362248248,0.359662189,0.360607881,0.36047738,0.360683407,0.360145449,0.360056127,0.359932126,0.359108499,0.359270634,0.359068983,0.355641859,0.356889673,0.358193677,0.357655826,0.358250847,0.357863229,0.359760014,0.357729725,0.354557332,0.356778049,0.358911505,0.357326376,0.356230803,0.355609024,0.355962786,0.353257111,0.351194506,0.353160436,0.353463596,0.350560802,0.351729606,0.353245245,0.349555658,0.345804704,0.344066217,0.342327679,0.343031323,0.341151304,0.338388696,0.336981008,0.331446874,0.32937376,0.328122112,0.326245169,0.325011396,0.319886225,0.317666853,0.316972588,0.316332246,0.313993157,0.31273321,0.311029314,0.308448888,0.305662118,0.302003194,0.300422859,0.299231659,0.299644622,0.296986135,0.295416519,0.291583078,0.291867251,0.292344,0.294193057,0.296184813,0.296513232,0.30138656,0.306729171,0.309444107,0.312469775,0.314902997,0.319050588,0.319398876,0.319623932,0.322747143,0.325697959,0.326533648,0.325586187,0.326607571,0.327377443,0.327654876,0.329821496,0.336383411,0.328653608,0.328553051,0.328023943,0.329485393,0.329251093,0.329738871,0.330181973,0.33293817,0.332824969,0.330444771,0.330705146,0.331666052,0.331454997,0.330284921,0.332274257,0.333514324,0.332252326,0.332699509,0.335332372,0.334568923,0.332309051,0.330384981,0.332294619,0.32957234,0.327174691,0.329445829,0.327123141,0.327595396,0.32603971,0.324288719,0.321386094,0.317807584,0.313472188,0.309545042,0.304008726,0.301197708,0.301743151,0.301186396,0.303919308,0.299317984,0.296363711,0.294146166,0.286237294,0.285994395,0.28709542,0.287796304,0.28466607,0.281143619,0.284022087,0.28107453,0.279426885,0.273488285,0.271874952,0.270401348,0.266197005,0.267264912,0.263918635,0.260318951,0.256493676,0.254535074,0.251457551,0.248082842,0.247344269,0.245897099,0.242604555,0.23998806,0.238275272,0.237456879,0.236596494,0.235554292,0.236166939,0.23445876,0.234803271,0.234557751,0.236025966,0.235357038,0.23495461,0.234402384,0.23751108,0.237454295,0.236554767,0.236274359,0.236048404,0.235998608,0.236835836,0.238839465,0.238452592,0.239416771,0.242181358,0.239991124,0.238781133,0.240499006,0.240029998,0.239820178,0.24180688,0.240928081,0.240958582,0.242589387,0.24355658,0.243410328,0.246102497,0.246051419,0.249684774,0.249739029,0.2511095,0.253163718,0.252638095,0.25342303,0.253620806,0.254247416,0.253760029,0.254202476,0.255351879,0.253889815,0.254019845,0.254062065,0.258630689,0.258025724,0.258519758,0.260680329,0.261385639,0.260791514,0.264175631,0.263831173,0.265567216,0.263730967,0.26545913,0.268696756,0.268725853,0.269040162,0.269968514,0.271759996,0.272171679,0.269991567,0.275386337,0.274952108,0.2728767,0.27460539,0.273776668,0.272331093,0.275257479,0.276198232
G40%,0.377249442,0.374197782,0.372612448,0.373178854,0.370494118,0.370251429,0.368257497,0.369538067,0.367390108,0.367862373,0.365271493,0.362037959,0.36379705,0.362459535,0.36222741,0.36131887,0.359424149,0.360344253,0.359822223,0.360174215,0.360429816,0.359768843,0.35715558,0.358680116,0.356534037,0.358014972,0.356683715,0.355509147,0.354830833,0.355189558,0.354789184,0.35736119,0.355441477,0.355096033,0.354050397,0.354996972,0.355385043,0.353965916,0.353789647,0.352471487,0.353415339,0.353753282,0.352547754,0.354252726,0.35477112,0.352404249,0.350667761,0.351282894,0.353339167,0.351243248,0.352147784,0.351504332,0.351067982,0.350117653,0.348618787,0.34905159,0.347288783,0.34559033,0.345567528,0.348580118,0.344756387,0.341491768,0.338937369,0.339122184,0.338113792,0.336201287,0.334173222,0.332484134,0.328942563,0.325352421,0.323934927,0.322401047,0.321824144,0.317371294,0.314505659,0.312321957,0.311186714,0.310084591,0.309090161,0.304751483,0.305371445,0.301959909,0.299150032,0.295291435,0.296235698,0.294886722,0.295338498,0.292507287,0.290878548,0.290280394,0.290331446,0.292258367,0.292533401,0.294534911,0.298577847,0.302844776,0.307017363,0.308360642,0.310768572,0.313764892,0.314976795,0.314844251,0.317298125,0.321410484,0.322329291,0.322170358,0.321854254,0.321737365,0.321158123,0.324333949,0.332661757,0.323921679,0.324346457,0.323316491,0.32462449,0.324940947,0.325614083,0.325884049,0.329260097,0.32694017,0.32636051,0.326337944,0.325488762,0.327635355,0.32692599,0.327508381,0.328540474,0.328027617,0.329002591,0.331919815,0.329754215,0.327046946,0.327501224,0.329087029,0.325024664,0.324763517,0.326100176,0.324013058,0.322607427,0.32179684,0.318976015,0.316368673,0.311640803,0.307444961,0.304499126,0.299876264,0.296392346,0.297597093,0.297953237,0.300455238,0.2931333,0.295876965,0.291705895,0.283179288,0.285210447,0.28403063,0.282526162,0.279945333,0.278775185,0.2808316,0.277275221,0.273855467,0.270448182,0.268193976,0.266425513,0.262821396,0.262562676,0.259236346,0.256823621,0.252909985,0.251703501,0.247732046,0.245237353,0.245628664,0.24339441,0.240974753,0.237856198,0.236738687,0.233806047,0.234110502,0.233053224,0.233333854,0.230383488,0.229133541,0.229832679,0.230025775,0.231058349,0.231187826,0.230834099,0.232165396,0.233724355,0.23344308,0.231547556,0.230801775,0.233189073,0.232790532,0.23511905,0.235039356,0.235597666,0.238902716,0.237311819,0.237745857,0.239063521,0.238769752,0.238394062,0.238976577,0.239171147,0.238991838,0.239792547,0.240176855,0.239643007,0.241396843,0.242240103,0.244663528,0.244756857,0.246671106,0.248014586,0.248845116,0.247124868,0.249337683,0.249799855,0.250637145,0.251359523,0.251338054,0.250881497,0.250260504,0.251641894,0.253722899,0.254385511,0.254624614,0.256292136,0.256780671,0.257218831,0.259492995,0.259329985,0.261820913,0.258734753,0.2623569,0.264608665,0.264397141,0.264032053,0.265646723,0.266228835,0.266706522,0.2665646,0.269185416,0.27002429,0.268402801,0.268242179,0.267679801,0.268636671,0.268940614,0.270676067
G50%,0.409880315,0.409074697,0.406365602,0.404670311,0.401790814,0.398098616,0.399235708,0.397400076,0.397558218,0.3965552,0.39249098,0.391138229,0.392289634,0.39232309,0.390389812,0.387167567,0.387619078,0.389247822,0.38843587,0.386922775,0.387505114,0.386356401,0.384805784,0.385335447,0.383834848,0.385297677,0.383906399,0.382361,0.381417548,0.381571771,0.38046229,0.381123361,0.380699568,0.382129973,0.380198798,0.379148584,0.366830243,0.379638282,0.379298926,0.379468085,0.379942034,0.378864614,0.380345154,0.380307077,0.380242678,0.378481984,0.375927146,0.377401981,0.378084072,0.376879553,0.37804427,0.376515693,0.375090234,0.373427915,0.371897846,0.372596002,0.372651216,0.370815366,0.373271474,0.373041323,0.369170508,0.36628376,0.363377231,0.363971358,0.363180063,0.35958186,0.356876932,0.35548551,0.351326643,0.34930104,0.346600488,0.345798673,0.345583274,0.340646048,0.337547861,0.33443895,0.334698974,0.33254702,0.330474678,0.328593164,0.326873299,0.322524846,0.318675974,0.318076916,0.316499206,0.316948288,0.315617618,0.313682755,0.310660043,0.310091979,0.312173808,0.313931551,0.314036391,0.315210378,0.320129242,0.325101018,0.329522279,0.331164602,0.332999824,0.335991381,0.337274754,0.336374237,0.339151425,0.34357236,0.345153731,0.344458787,0.344006998,0.344749725,0.34442636,0.345967422,0.353431615,0.344782293,0.343800653,0.343646194,0.345367544,0.346079516,0.345612692,0.346065703,0.347640752,0.34791506,0.345295969,0.346308113,0.346494481,0.346374257,0.347142179,0.347412118,0.348275712,0.347529375,0.348890881,0.351661139,0.350417459,0.348288733,0.347068012,0.348870333,0.345927439,0.345035815,0.345871637,0.344720671,0.344536082,0.342104377,0.340206193,0.337207672,0.333498281,0.328495998,0.324696723,0.318398304,0.315548817,0.314835336,0.315156958,0.318141013,0.31370915,0.312725856,0.310840754,0.302733108,0.303913385,0.303666095,0.302646873,0.300087827,0.296624499,0.29936753,0.295746837,0.29266545,0.287827892,0.284337761,0.282908119,0.27784504,0.277103083,0.274172664,0.270811716,0.267609508,0.263309234,0.259774841,0.256426078,0.256464191,0.254946505,0.253049782,0.250776867,0.248353643,0.248580994,0.24853748,0.248449085,0.248272386,0.246468966,0.246516191,0.246391499,0.247494464,0.246734964,0.245445357,0.245360786,0.246440949,0.24745925,0.246969816,0.245287503,0.244189763,0.245468424,0.245435644,0.246631675,0.246461386,0.247280272,0.247509508,0.248363423,0.24858253,0.249112236,0.249529195,0.250607704,0.252664728,0.252378383,0.253615644,0.254854915,0.256085037,0.256618823,0.25703591,0.258657082,0.260734723,0.260860689,0.261199944,0.263383419,0.263165888,0.261839537,0.262699216,0.262968734,0.263796328,0.265829619,0.264818358,0.264562104,0.263771294,0.264786713,0.267658595,0.26804954,0.267965219,0.270074319,0.271527993,0.271915704,0.274649134,0.273649786,0.275392558,0.275237548,0.27717106,0.279495304,0.279813795,0.280097324,0.28247931,0.282671524,0.28254144,0.285519149,0.286231727,0.286991742,0.286403376,0.286401096,0.285521238,0.287604069,0.288709443,0.29027262
G60%,0.400836385,0.400164102,0.398154852,0.395863244,0.393158201,0.390179146,0.390354713,0.389562369,0.390095582,0.387855147,0.384890513,0.384850258,0.384340115,0.38415595,0.383323108,0.37486238,0.379827725,0.381596026,0.380795788,0.379333771,0.380468405,0.379201621,0.378073925,0.378585398,0.376295511,0.378813935,0.376413222,0.374598643,0.374315707,0.37463578,0.372582306,0.375247078,0.374154123,0.373723078,0.373019441,0.371979388,0.365918631,0.372979706,0.371230257,0.371792601,0.370653982,0.371870773,0.372768082,0.372537241,0.373218782,0.371672968,0.370037828,0.370378584,0.370101226,0.370009275,0.370250489,0.369170276,0.368551425,0.367087488,0.365766075,0.366641886,0.36601133,0.363549515,0.365679759,0.366054048,0.362694506,0.359808349,0.357459403,0.356385258,0.355377456,0.35371056,0.351223234,0.349841868,0.345986369,0.343714136,0.341031315,0.34068241,0.339644483,0.334351383,0.331211726,0.329268614,0.32894592,0.326664355,0.324483779,0.321674889,0.320439871,0.317375656,0.314042523,0.312747755,0.311785638,0.311482703,0.31038737,0.307734897,0.305454356,0.305342826,0.303599166,0.308345283,0.309066304,0.311011676,0.314106456,0.320359416,0.32445544,0.325259918,0.327426529,0.329512754,0.331532853,0.330553895,0.334144161,0.338133854,0.338535972,0.338306365,0.338297395,0.33768422,0.339137633,0.340716601,0.348840771,0.340300673,0.339589743,0.338173336,0.34060808,0.340978744,0.340795319,0.34080527,0.343329741,0.342003531,0.340425509,0.340813383,0.340442861,0.340564673,0.341237771,0.342737109,0.343298923,0.342400682,0.342994509,0.34612784,0.345268844,0.342347322,0.341849863,0.342761694,0.339662432,0.33976179,0.340942935,0.339476767,0.339596991,0.336905019,0.335557297,0.33264886,0.329781343,0.324807971,0.320541985,0.316077015,0.312999822,0.311859816,0.311394881,0.315077108,0.309990311,0.308026238,0.307222267,0.299797669,0.299793721,0.299626024,0.297920057,0.296442908,0.293548899,0.295071176,0.291788223,0.288956695,0.28363617,0.28015045,0.277968913,0.273032672,0.27305567,0.269663603,0.266357828,0.262174487,0.259028911,0.255277901,0.251693599,0.251379163,0.249219406,0.246813888,0.24441601,0.242639635,0.242936911,0.242333584,0.242465409,0.242004218,0.240205526,0.240416149,0.239979553,0.241329409,0.241035131,0.239289191,0.239409314,0.241165922,0.241545703,0.240782349,0.239526942,0.23843701,0.23914359,0.239045988,0.241573032,0.240661124,0.241349536,0.241448509,0.24264915,0.242568887,0.243751778,0.244009585,0.244265359,0.246769847,0.246203026,0.247784191,0.249020834,0.249653985,0.250931417,0.251985126,0.253031526,0.254620304,0.254865607,0.25583782,0.256899856,0.256576026,0.255690898,0.256569647,0.256224949,0.256199397,0.257901522,0.257538261,0.257182728,0.257772028,0.258012138,0.262105982,0.262416295,0.262730877,0.264215241,0.265465689,0.266636535,0.267847117,0.267195558,0.269320038,0.268428601,0.27131247,0.273384152,0.272909701,0.273612,0.275472478,0.27655817,0.27601696,0.279051758,0.280416738,0.280932151,0.279751888,0.279926679,0.279511916,0.280669488,0.2814937,0.283477089
G70%,0.336125694,0.334841043,0.332631452,0.333317785,0.329998921,0.329729116,0.327882942,0.3272362,0.326461601,0.326482058,0.323726321,0.322706171,0.32385834,0.323191042,0.321101215,0.320351237,0.319036662,0.319602846,0.320582426,0.319879275,0.321841318,0.321491195,0.318442517,0.315369928,0.319129274,0.319808989,0.320626516,0.319362682,0.319143518,0.320260085,0.319073104,0.321745586,0.32083079,0.319817139,0.319531303,0.319684018,0.320877029,0.320476342,0.319300419,0.319720099,0.320718204,0.319626516,0.319417514,0.320035254,0.321726296,0.320085292,0.318886471,0.319335063,0.320598291,0.319250897,0.320722184,0.319322709,0.318720861,0.316541206,0.315760305,0.317071955,0.315707127,0.315842853,0.315631698,0.316484675,0.313103902,0.310010302,0.308150271,0.307242443,0.297426226,0.304913134,0.301721424,0.300411683,0.296276582,0.294211016,0.292693238,0.290834899,0.289819313,0.286261922,0.284402723,0.282182007,0.280640304,0.279911282,0.277326676,0.27492248,0.272510993,0.270010793,0.266635148,0.264208241,0.265015395,0.264557828,0.262616477,0.260788697,0.257895114,0.258312713,0.258530753,0.260440082,0.261788673,0.26178313,0.266156485,0.270762604,0.273670809,0.27476575,0.276907703,0.277493906,0.27960786,0.280447385,0.281795603,0.285512362,0.285864213,0.285419671,0.285662139,0.285535835,0.286879575,0.287306975,0.294600092,0.288122357,0.2864083,0.286169258,0.287254596,0.287443027,0.288079907,0.28840268,0.291220039,0.289973406,0.288999966,0.288340091,0.288347794,0.288756599,0.288893071,0.289812907,0.289638695,0.288350876,0.28929221,0.292365329,0.291426784,0.288550583,0.287923685,0.289447132,0.286650447,0.287031597,0.286197306,0.285226548,0.285213084,0.282206272,0.280469456,0.278014885,0.275618256,0.273348858,0.270091475,0.266078943,0.266139916,0.263790932,0.250667204,0.265938536,0.258969354,0.257346168,0.254677741,0.253669819,0.252661941,0.251413893,0.245186158,0.227887771,0.242964999,0.245244576,0.243709727,0.239073698,0.236141262,0.233789785,0.229684586,0.22759604,0.225857683,0.224223867,0.220606797,0.216847401,0.213850145,0.211569351,0.209601488,0.207066355,0.20639977,0.204371816,0.200997116,0.19923751,0.197581907,0.196619884,0.196093993,0.195554515,0.194479944,0.193769665,0.193481388,0.194916643,0.195893359,0.193936058,0.193800457,0.194794402,0.195622306,0.19607699,0.194480055,0.195086821,0.193754835,0.195974667,0.197386974,0.19758438,0.197685847,0.200343146,0.198351259,0.197415094,0.198374203,0.197959928,0.197745802,0.199119861,0.198521684,0.198714736,0.199669516,0.199924411,0.201288498,0.200943816,0.200742719,0.203531549,0.202684137,0.203529853,0.204743109,0.204945195,0.203158218,0.206038273,0.206480958,0.206967038,0.206171622,0.206329056,0.205688325,0.205730133,0.206326676,0.208956926,0.209538145,0.209278821,0.211363231,0.211690743,0.213070134,0.213586548,0.211835495,0.213955879,0.213421294,0.214748754,0.216605817,0.217119857,0.21600402,0.2169493,0.217713718,0.217467592,0.218045014,0.218981714,0.219437242,0.217771448,0.217661511,0.216171155,0.216625623,0.216547281,0.218023339
G80%,0.339834928,0.339384433,0.336834859,0.337682582,0.334647619,0.333818164,0.332788989,0.332173603,0.330582361,0.331750194,0.329389773,0.328212378,0.328156015,0.328113604,0.326027759,0.324424028,0.324072627,0.324880647,0.326496891,0.325001376,0.326627498,0.326221753,0.323576296,0.321912595,0.323844808,0.325222389,0.325580179,0.32447889,0.324773003,0.324555254,0.324207371,0.326674083,0.325255593,0.325532008,0.324881138,0.324524715,0.32645411,0.325465594,0.323535916,0.32366948,0.325257342,0.32502359,0.324609459,0.325163969,0.327253553,0.324161728,0.323926923,0.324603252,0.325458405,0.324242365,0.326074115,0.324888936,0.324973538,0.322226027,0.321813508,0.322424348,0.320667924,0.321331216,0.320938795,0.321593614,0.317268788,0.31515672,0.313496608,0.313073047,0.300245242,0.31052159,0.306164666,0.305981036,0.302204077,0.299867917,0.299341397,0.296943088,0.296501936,0.29282711,0.29009709,0.287875705,0.287038118,0.285925139,0.283880661,0.28133528,0.279838302,0.276065816,0.27331672,0.270435535,0.271588482,0.271376222,0.270369057,0.267710827,0.264729065,0.264781846,0.265248603,0.267282741,0.268927091,0.269114811,0.272853292,0.277906973,0.280041848,0.281194768,0.28340853,0.285090984,0.286021651,0.286051134,0.288155683,0.292008086,0.292064533,0.291733029,0.291354672,0.291869819,0.292860592,0.29352204,0.301099164,0.293614439,0.292837869,0.292027312,0.293650069,0.293067173,0.294377104,0.294759798,0.297138712,0.296024552,0.294967631,0.294231842,0.294693464,0.295496057,0.295355734,0.295827574,0.296370952,0.295221431,0.295691594,0.298815821,0.297284578,0.295353121,0.293915307,0.296241913,0.293401147,0.293825053,0.292644236,0.291356849,0.291846319,0.288860216,0.287106965,0.28532055,0.281863449,0.27287775,0.277078134,0.273046043,0.272967262,0.271387404,0.263487188,0.273081657,0.267596616,0.264161963,0.261048914,0.259726874,0.259647812,0.258175299,0.252741748,0.240095356,0.25123849,0.252808058,0.25143863,0.246571232,0.243920477,0.24176897,0.237874676,0.236262578,0.234921808,0.233128327,0.229155795,0.225593119,0.22308456,0.219673164,0.218097914,0.214885678,0.213995573,0.212299734,0.208743259,0.206691134,0.205280336,0.204417117,0.204162935,0.203411333,0.202284639,0.20173842,0.2012451,0.203119762,0.203465385,0.202638625,0.201562165,0.203721629,0.203550166,0.204518992,0.202801547,0.203357493,0.201647077,0.204086373,0.205749392,0.205259714,0.206012696,0.208309326,0.205949282,0.205157828,0.20591328,0.205891206,0.206244982,0.207279487,0.207053031,0.207418378,0.208195582,0.208407624,0.209479766,0.209610539,0.210664831,0.211426806,0.212224434,0.212738754,0.213817711,0.213846748,0.206888094,0.214775841,0.215082948,0.215188223,0.215161357,0.215235877,0.214681744,0.215132557,0.215359265,0.218101266,0.21862587,0.218677871,0.220553553,0.221188728,0.222002413,0.222696761,0.221134377,0.223306858,0.223145711,0.224616754,0.226467654,0.226845975,0.225916668,0.226463358,0.22746787,0.227201556,0.227572514,0.229102961,0.228964622,0.227946743,0.227319347,0.22602348,0.226879124,0.227105798,0.228233904
G90%,0.410378984,0.40615676,0.405128959,0.40372487,0.400253074,0.39848174,0.396238328,0.395752288,0.394853008,0.394002829,0.390330954,0.388010504,0.3867878,0.38721069,0.386988235,0.384254204,0.383122874,0.384299113,0.383705219,0.383353629,0.384482684,0.385056792,0.382404292,0.384331029,0.383553991,0.386639577,0.384300474,0.384528159,0.383966942,0.384711518,0.383427791,0.385803814,0.383960923,0.385392381,0.384086675,0.38347979,0.384656783,0.384095638,0.382767603,0.382046939,0.383502799,0.381128584,0.383222162,0.384884078,0.384899968,0.383775644,0.38217646,0.383002097,0.384126566,0.383217881,0.383763672,0.384164584,0.38517244,0.382314072,0.381239622,0.38023732,0.381356442,0.379368884,0.38036171,0.38008052,0.374959981,0.371480882,0.369355316,0.368906401,0.366227398,0.36398588,0.358574275,0.359281053,0.354532273,0.351106791,0.348335309,0.346928715,0.346093783,0.340776222,0.338075543,0.336711616,0.335206129,0.33307015,0.332028925,0.330069255,0.328514215,0.324703419,0.321469798,0.319843617,0.319682918,0.318461869,0.316964539,0.315455607,0.31160275,0.311436916,0.31281433,0.314573042,0.315314427,0.316012633,0.319436216,0.32364076,0.327544574,0.326818852,0.330327146,0.331787454,0.333383302,0.332727276,0.334729847,0.338583788,0.339359084,0.339166443,0.338693781,0.339322409,0.339807482,0.341650128,0.349086271,0.340119604,0.339629902,0.338372496,0.341153816,0.341505865,0.341594469,0.341270743,0.345014592,0.344088631,0.341973088,0.342479691,0.342144685,0.343124492,0.343382123,0.343654601,0.343985545,0.343299349,0.343597982,0.346952328,0.34513583,0.342108169,0.340474053,0.341188859,0.338488843,0.337320096,0.337858761,0.335808404,0.336098112,0.333203416,0.331205449,0.328104197,0.324783127,0.321921814,0.318291904,0.314542606,0.313675994,0.31380349,0.31356957,0.315773737,0.309777696,0.305978997,0.303968832,0.304047094,0.303288249,0.301709518,0.298473112,0.29636384,0.295995704,0.294596932,0.292799957,0.287948833,0.283458913,0.281538367,0.277009131,0.274020968,0.271160817,0.26873955,0.264772193,0.259646572,0.256359495,0.251631094,0.250019509,0.249026931,0.247305835,0.245256344,0.242593761,0.241596926,0.239967413,0.240297908,0.23854552,0.23750922,0.236493133,0.234639633,0.235840132,0.236133314,0.235638045,0.233216223,0.233113031,0.235977044,0.23569108,0.235637356,0.233928716,0.233971166,0.235327893,0.234450386,0.236768311,0.236403361,0.236459066,0.240487457,0.238124728,0.238798648,0.240436863,0.239774241,0.24152332,0.243092839,0.243755527,0.244673952,0.246074822,0.245187693,0.246753616,0.247645255,0.247508017,0.249157836,0.24935076,0.250793058,0.251329403,0.251840442,0.251101594,0.251022609,0.250747462,0.25188786,0.251082439,0.251934236,0.25203109,0.250861857,0.251572085,0.254317972,0.254636718,0.255235816,0.255830461,0.256390246,0.256829058,0.258761914,0.256875116,0.259599757,0.259183119,0.259125673,0.262058194,0.263444848,0.262278751,0.263805506,0.26482083,0.2644263,0.267787571,0.268109897,0.26990019,0.268603766,0.268417782,0.269216405,0.269058587,0.270301887,0.272053147
G100%,0.413300795,0.412187576,0.409442931,0.407315774,0.40413372,0.400577575,0.40142384,0.399851314,0.400432516,0.398408596,0.394528807,0.394798426,0.394347711,0.394341682,0.392963204,0.38445757,0.38941976,0.391172247,0.390157368,0.388807987,0.389963869,0.388482443,0.38706104,0.387375406,0.385008475,0.387618615,0.385355662,0.383416067,0.382979219,0.383248328,0.381463133,0.383591219,0.38280867,0.382752235,0.381945301,0.380536743,0.371157618,0.381516118,0.380176972,0.380498686,0.379761725,0.380493532,0.381438024,0.381235877,0.381615962,0.380247618,0.377899424,0.378628525,0.378413976,0.378073813,0.378395125,0.377059948,0.376291058,0.375232033,0.37379021,0.374478073,0.37380904,0.371833044,0.374191981,0.374354329,0.370721439,0.36760885,0.365476754,0.364234642,0.363225355,0.361016127,0.358585704,0.357259478,0.353213035,0.350879009,0.348285927,0.347584252,0.346820962,0.341736109,0.338534127,0.335921354,0.335911221,0.333126878,0.330905445,0.328406253,0.32734159,0.324073668,0.320250653,0.319534307,0.31816659,0.318188935,0.317399864,0.314848912,0.312731472,0.31240756,0.312028607,0.316108913,0.316480502,0.318199296,0.32125446,0.327196724,0.331087404,0.331770843,0.333735058,0.335589921,0.337368344,0.336092812,0.339645556,0.343645375,0.344137324,0.343676505,0.343613262,0.343137325,0.344316166,0.345790003,0.353875507,0.345080446,0.343993729,0.343143589,0.345376906,0.345649991,0.345363054,0.345585529,0.347721001,0.346860889,0.344906512,0.345540864,0.345258172,0.345247014,0.345960728,0.347291416,0.347793324,0.347105084,0.347815086,0.350984697,0.349955646,0.347022689,0.346755841,0.34739164,0.344528329,0.344235065,0.345553173,0.344168288,0.343980377,0.341664674,0.340640422,0.337907793,0.335450809,0.331062045,0.327047406,0.32322121,0.319420817,0.318173627,0.317880909,0.320836228,0.31522497,0.314228943,0.315017122,0.307849088,0.306616642,0.306298496,0.304599169,0.303621734,0.299801059,0.301192389,0.297409382,0.294482387,0.289177591,0.285250872,0.283230852,0.277733439,0.277458403,0.273835352,0.270173203,0.265928544,0.262436699,0.258570167,0.254643877,0.254411285,0.252114635,0.249720126,0.247244085,0.245432928,0.245518569,0.24453628,0.24457955,0.243989095,0.242006495,0.24241082,0.241943852,0.243324562,0.24258671,0.240871798,0.241084976,0.242643986,0.243023898,0.242355949,0.240892513,0.239727979,0.240661507,0.240416493,0.242633354,0.241844321,0.242582941,0.242517348,0.243442727,0.243590811,0.244729246,0.244656643,0.245196102,0.247749082,0.247111446,0.24859475,0.249642781,0.250571286,0.251816472,0.252706655,0.253554705,0.25517962,0.255247761,0.256144178,0.257517085,0.257131999,0.255956164,0.256839843,0.256966286,0.256592476,0.258628375,0.257929992,0.257617942,0.257890709,0.258281671,0.26205592,0.262360472,0.262469111,0.264051279,0.265329614,0.266592998,0.268107989,0.267568419,0.269477646,0.26848931,0.271326124,0.273474712,0.273284118,0.273993932,0.275864216,0.276118239,0.272445255,0.279003452,0.28085693,0.281563734,0.280701078,0.280374276,0.280134036,0.281887575,0.282640381,0.28431898
